sequence,length,normalized_charge,hydrophobicity_kd,passes_basic_filter,z1,z2,pred_log10_mic_uM,frac_basic,frac_hydrophobic,max_identity_to_train
GRHRILPGIRKRVRPIHRPIIGRL,24,0.3333333333333333,-0.5625000000000001,True,1.7515114545822144,1.5043286085128784,0.21051891148090363,0.4166666666666667,0.3333333333333333,0.55
IRPRLRPRIRPLVRPIYRPRIRP,23,0.391304347826087,-0.9391304347826087,True,2.1898529529571533,1.1761448383331299,0.24178434908390045,0.391304347826087,0.34782608695652173,0.6956521739130435
IRPRIRPRIRPRVRPIHRPIIRRL,24,0.4166666666666667,-0.8833333333333334,True,2.416492223739624,1.3877179622650146,0.26640382409095764,0.4583333333333333,0.3333333333333333,0.75
GRPLILRRIRKLVKKLFRPILRPI,24,0.375,0.004166666666666652,True,1.2528926134109497,1.5293930768966675,0.3164759874343872,0.375,0.4583333333333333,0.4583333333333333
FKGLLKRVIKKKGKLIKRLKRGCK,24,0.5,-0.6708333333333334,True,0.8525042533874512,1.1393085718154907,0.4934612214565277,0.5,0.3333333333333333,0.5454545454545454
